Datetime,Water Level (m)
2025-08-11 00:00:00,-0.2314971
2025-08-11 01:00:00,0.4410007
2025-08-11 02:00:00,1.1098882
2025-08-11 03:00:00,1.6499759
2025-08-11 04:00:00,1.922672
2025-08-11 05:00:00,1.8265815
2025-08-11 06:00:00,1.3859406
2025-08-11 07:00:00,0.6848897
2025-08-11 08:00:00,-0.05045903
2025-08-11 09:00:00,-0.62008643
2025-08-11 10:00:00,-0.919839
2025-08-11 11:00:00,-0.841225
2025-08-11 12:00:00,-0.4385342
2025-08-11 13:00:00,0.16894078
2025-08-11 14:00:00,0.77483934
2025-08-11 15:00:00,1.2877232
2025-08-11 16:00:00,1.609427
2025-08-11 17:00:00,1.6176775
2025-08-11 18:00:00,1.3070246
2025-08-11 19:00:00,0.75803304
2025-08-11 20:00:00,0.10001459
2025-08-11 21:00:00,-0.4650572
2025-08-11 22:00:00,-0.8292891
2025-08-11 23:00:00,-0.8557996
2025-08-12 00:00:00,-0.5058009
2025-08-12 01:00:00,0.1132522
2025-08-12 02:00:00,0.8010798
2025-08-12 03:00:00,1.4135153
2025-08-12 04:00:00,1.8357725
2025-08-12 05:00:00,1.9340096
2025-08-12 06:00:00,1.6691948
2025-08-12 07:00:00,1.1067302
2025-08-12 08:00:00,0.39517984
2025-08-12 09:00:00,-0.25688908
2025-08-12 10:00:00,-0.7542311
2025-08-12 11:00:00,-0.94403243
2025-08-12 12:00:00,-0.73917186
2025-08-12 13:00:00,-0.21088476
2025-08-12 14:00:00,0.44714823
2025-08-12 15:00:00,1.0410485
2025-08-12 16:00:00,1.4964371
2025-08-12 17:00:00,1.7260177
2025-08-12 18:00:00,1.6414086
2025-08-12 19:00:00,1.1959678
2025-08-12 20:00:00,0.5390336
2025-08-12 21:00:00,-0.06427035
2025-08-12 22:00:00,-0.52085996
2025-08-12 23:00:00,-0.7774477
2025-08-13 00:00:00,-0.67522657
2025-08-13 01:00:00,-0.22494239
2025-08-13 02:00:00,0.40957907
2025-08-13 03:00:00,1.0075941
2025-08-13 04:00:00,1.516832
2025-08-13 05:00:00,1.8292497
2025-08-13 06:00:00,1.79399
2025-08-13 07:00:00,1.4235787
2025-08-13 08:00:00,0.8401077
2025-08-13 09:00:00,0.18180284
2025-08-13 10:00:00,-0.4029184
2025-08-13 11:00:00,-0.7841111
2025-08-13 12:00:00,-0.82367486
2025-08-13 13:00:00,-0.52985835
2025-08-13 14:00:00,0.024835696
2025-08-13 15:00:00,0.650254
2025-08-13 16:00:00,1.1966153
2025-08-13 17:00:00,1.5696483
2025-08-13 18:00:00,1.6792347
2025-08-13 19:00:00,1.4922624
2025-08-13 20:00:00,1.0397713
2025-08-13 21:00:00,0.4687651
2025-08-13 22:00:00,-0.047086187
2025-08-13 23:00:00,-0.45479783
2025-08-14 00:00:00,-0.6251648
2025-08-14 01:00:00,-0.4530375
2025-08-14 02:00:00,0.013954663
2025-08-14 03:00:00,0.6159667
2025-08-14 04:00:00,1.1527152
2025-08-14 05:00:00,1.5449034
2025-08-14 06:00:00,1.7006447
2025-08-14 07:00:00,1.5680625
2025-08-14 08:00:00,1.1665654
2025-08-14 09:00:00,0.5903267
2025-08-14 10:00:00,0.025540322
2025-08-14 11:00:00,-0.4208336
2025-08-14 12:00:00,-0.6709403
2025-08-14 13:00:00,-0.6230633
2025-08-14 14:00:00,-0.2768012
2025-08-14 15:00:00,0.25824222
2025-08-14 16:00:00,0.7957674
2025-08-14 17:00:00,1.2541443
2025-08-14 18:00:00,1.5510105
2025-08-14 19:00:00,1.5921314
2025-08-14 20:00:00,1.3519596
2025-08-14 21:00:00,0.9272791
2025-08-14 22:00:00,0.4398901
2025-08-14 23:00:00,0.005345963
2025-08-15 00:00:00,-0.3242388
2025-08-15 01:00:00,-0.41440222
2025-08-15 02:00:00,-0.20922188
2025-08-15 03:00:00,0.22027254
2025-08-15 04:00:00,0.7023431
2025-08-15 05:00:00,1.1196939
2025-08-15 06:00:00,1.3884898
2025-08-15 07:00:00,1.4425784
2025-08-15 08:00:00,1.2734281
2025-08-15 09:00:00,0.9015638
2025-08-15 10:00:00,0.41453263
2025-08-15 11:00:00,-0.030725459
2025-08-15 12:00:00,-0.37746707
2025-08-15 13:00:00,-0.54307353
2025-08-15 14:00:00,-0.45005998
2025-08-15 15:00:00,-0.11212282
2025-08-15 16:00:00,0.34925643
2025-08-15 17:00:00,0.7973309
2025-08-15 18:00:00,1.1742806
2025-08-15 19:00:00,1.4024583
2025-08-15 20:00:00,1.4149251
2025-08-15 21:00:00,1.2108113
2025-08-15 22:00:00,0.8633623
2025-08-15 23:00:00,0.45172298
2025-08-16 00:00:00,0.07184747
2025-08-16 01:00:00,-0.17871413
2025-08-16 02:00:00,-0.20089577
2025-08-16 03:00:00,-0.033764966
2025-08-16 04:00:00,0.2800988
2025-08-16 05:00:00,0.634301
2025-08-16 06:00:00,0.9493208
2025-08-16 07:00:00,1.1476195
2025-08-16 08:00:00,1.1783607
2025-08-16 09:00:00,1.0340694
2025-08-16 10:00:00,0.73936003
2025-08-16 11:00:00,0.36639932
2025-08-16 12:00:00,0.018111754
2025-08-16 13:00:00,-0.26464707
2025-08-16 14:00:00,-0.39832312
2025-08-16 15:00:00,-0.3024756
2025-08-16 16:00:00,-0.007417327
2025-08-16 17:00:00,0.35866696
2025-08-16 18:00:00,0.71432817
2025-08-16 19:00:00,1.0319078
2025-08-16 20:00:00,1.2307882
2025-08-16 21:00:00,1.2706338
2025-08-16 22:00:00,1.1537275
2025-08-16 23:00:00,0.91154784
2025-08-17 00:00:00,0.590763
